comparison,dm_stat,p_value
Bolt vs Chr2,-0.5830231703806927,0.5600605129937957
Bolt vs Moirai,0.3978075031053042,0.6908901662588344
Chr2 vs Moirai,1.2315208945347196,0.21853074729484914
FM vs Naive (max p),,2.2213979061847074e-53
